origem,destino,r_o,c_o,r_d,c_d,tipo,bytes
0,1,0,0,0,1,horizontal,1536
1,2,0,1,0,2,horizontal,1536
2,3,0,2,0,3,horizontal,1536
3,4,0,3,0,4,horizontal,1536
4,5,0,4,0,5,horizontal,1536
6,7,1,0,1,1,horizontal,1536
7,8,1,1,1,2,horizontal,1536
8,9,1,2,1,3,horizontal,1536
9,10,1,3,1,4,horizontal,1536
10,11,1,4,1,5,horizontal,1536
12,13,2,0,2,1,horizontal,1536
13,14,2,1,2,2,horizontal,1536
14,15,2,2,2,3,horizontal,1536
15,16,2,3,2,4,horizontal,1536
16,17,2,4,2,5,horizontal,1536
18,19,3,0,3,1,horizontal,1536
19,20,3,1,3,2,horizontal,1536
20,21,3,2,3,3,horizontal,1536
21,22,3,3,3,4,horizontal,1536
22,23,3,4,3,5,horizontal,1536
0,6,0,0,1,0,vertical,2048
1,7,0,1,1,1,vertical,2048
2,8,0,2,1,2,vertical,2048
3,9,0,3,1,3,vertical,2048
4,10,0,4,1,4,vertical,2048
5,11,0,5,1,5,vertical,2048
6,12,1,0,2,0,vertical,2048
7,13,1,1,2,1,vertical,2048
8,14,1,2,2,2,vertical,2048
9,15,1,3,2,3,vertical,2048
10,16,1,4,2,4,vertical,2048
11,17,1,5,2,5,vertical,2048
12,18,2,0,3,0,vertical,2048
13,19,2,1,3,1,vertical,2048
14,20,2,2,3,2,vertical,2048
15,21,2,3,3,3,vertical,2048
16,22,2,4,3,4,vertical,2048
17,23,2,5,3,5,vertical,2048
