segmento,r,c,pixels,componentes_locais,tempo_s
0,0,0,196608,3,0.000911471
1,0,1,196608,3,0.000742146
2,0,2,196608,0,0.000654777
3,0,3,196608,2,0.000774537
4,0,4,196608,2,0.000611330
5,0,5,196608,1,0.000642856
6,1,0,196608,0,0.000655642
7,1,1,196608,2,0.000537013
8,1,2,196608,1,0.000498223
9,1,3,196608,2,0.000549431
10,1,4,196608,2,0.000523179
11,1,5,196608,1,0.000637907
12,2,0,196608,0,0.000500964
13,2,1,196608,2,0.000531234
14,2,2,196608,1,0.000506778
15,2,3,196608,0,0.000457481
16,2,4,196608,0,0.000463075
17,2,5,196608,1,0.000503475
18,3,0,196608,1,0.000660913
19,3,1,196608,1,0.000684462
20,3,2,196608,0,0.000768431
21,3,3,196608,1,0.000881434
22,3,4,196608,0,0.000750634
23,3,5,196608,1,0.000848563
